run_id,strategy,benchmark,tool,budget,seed,queue_permutation_id,ablation_config,tau,theta,n_min,p_probe,total_evals,successful_evals,wasted_calls,sr_pct,best_qor_name,best_qor_value,best_area,best_latency,uqor,ttff_s,total_wall_clock_s,total_skipped,false_skips_pending,false_skips_verified,signatures_learned,probes_triggered,probes_succeeded,overhead_phago_ms,overhead_rpe_ms,overhead_ofrs_ms
PA-DSE_SCF+DFRL+QSD+QAT_matmul_B60_sNone_4599839,PA-DSE_SCF+DFRL+QSD+QAT,matmul,bambu,60,,0,SCF+DFRL,2,0.8,5,0.05,60,54,6,90.0,area,429.0,429.0,9,20,17.7,148.304,0,0,,0,0,0,3.77,14.54,456.58
PA-DSE_SCF+DFRL+QSD+QAT_matmul_B60_sNone_4748144,PA-DSE_SCF+DFRL+QSD+QAT,matmul,bambu,60,,1,SCF+DFRL,2,0.8,5,0.05,60,56,4,93.3,area,429.0,429.0,9,20,9.703,153.812,0,0,,0,0,0,4.08,17.43,761.94
PA-DSE_SCF+DFRL+QSD+QAT_matmul_B60_sNone_4901956,PA-DSE_SCF+DFRL+QSD+QAT,matmul,bambu,60,,2,SCF+DFRL,2,0.8,5,0.05,60,56,4,93.3,area,429.0,429.0,9,20,2.677,159.97,0,0,,0,0,0,4.08,19.7,807.85
PA-DSE_SCF+DFRL+QSD+QAT_matmul_B60_sNone_5061926,PA-DSE_SCF+DFRL+QSD+QAT,matmul,bambu,60,,3,SCF+DFRL,2,0.8,5,0.05,60,56,4,93.3,area,429.0,429.0,9,20,2.621,159.459,0,0,,0,0,0,5.26,19.37,1018.96
PA-DSE_SCF+DFRL+QSD+QAT_matmul_B60_sNone_5221385,PA-DSE_SCF+DFRL+QSD+QAT,matmul,bambu,60,,4,SCF+DFRL,2,0.8,5,0.05,60,55,5,91.7,area,429.0,429.0,9,20,15.688,157.603,0,0,,0,0,0,5.23,19.17,697.9
PA-DSE_SCF+DFRL+QSD+QAT_matmul_B60_sNone_5378988,PA-DSE_SCF+DFRL+QSD+QAT,matmul,bambu,60,,5,SCF+DFRL,2,0.8,5,0.05,60,56,4,93.3,area,429.0,429.0,9,20,2.643,159.784,0,0,,0,0,0,6.48,20.47,1008.13
PA-DSE_SCF+DFRL+QSD+QAT_matmul_B60_sNone_5538772,PA-DSE_SCF+DFRL+QSD+QAT,matmul,bambu,60,,6,SCF+DFRL,2,0.8,5,0.05,60,56,4,93.3,area,429.0,429.0,9,20,5.228,158.939,0,0,,0,0,0,5.11,22.94,787.73
PA-DSE_SCF+DFRL+QSD+QAT_matmul_B60_sNone_5697712,PA-DSE_SCF+DFRL+QSD+QAT,matmul,bambu,60,,7,SCF+DFRL,2,0.8,5,0.05,60,56,4,93.3,area,429.0,429.0,9,20,5.209,159.652,0,0,,0,0,0,5.39,20.2,1017.66
PA-DSE_SCF+DFRL+QSD+QAT_matmul_B60_sNone_5857364,PA-DSE_SCF+DFRL+QSD+QAT,matmul,bambu,60,,8,SCF+DFRL,2,0.8,5,0.05,60,55,5,91.7,area,429.0,429.0,9,20,15.531,158.614,0,0,,0,0,0,4.98,20.0,875.64
PA-DSE_SCF+DFRL+QSD+QAT_matmul_B60_sNone_6015978,PA-DSE_SCF+DFRL+QSD+QAT,matmul,bambu,60,,9,SCF+DFRL,2,0.8,5,0.05,60,55,5,91.7,area,429.0,429.0,9,20,15.603,158.194,0,0,,0,0,0,5.52,19.49,616.59
PA-DSE_SCF+DFRL+QSD+QAT_vadd_B60_sNone_6174173,PA-DSE_SCF+DFRL+QSD+QAT,vadd,bambu,60,,0,SCF+DFRL,2,0.8,5,0.05,60,54,6,90.0,area,201.0,201.0,5,8,17.98,156.973,0,0,,0,0,0,5.48,19.9,634.48
PA-DSE_SCF+DFRL+QSD+QAT_vadd_B60_sNone_6331147,PA-DSE_SCF+DFRL+QSD+QAT,vadd,bambu,60,,1,SCF+DFRL,2,0.8,5,0.05,60,56,4,93.3,area,201.0,201.0,5,8,10.31,156.723,0,0,,0,0,0,3.61,21.15,730.23
PA-DSE_SCF+DFRL+QSD+QAT_vadd_B60_sNone_6487870,PA-DSE_SCF+DFRL+QSD+QAT,vadd,bambu,60,,2,SCF+DFRL,2,0.8,5,0.05,60,56,4,93.3,area,201.0,201.0,5,8,2.567,155.619,0,0,,0,0,0,3.64,20.32,790.11
PA-DSE_SCF+DFRL+QSD+QAT_vadd_B60_sNone_6643490,PA-DSE_SCF+DFRL+QSD+QAT,vadd,bambu,60,,3,SCF+DFRL,2,0.8,5,0.05,60,56,4,93.3,area,201.0,201.0,5,8,2.608,157.006,0,0,,0,0,0,3.45,22.07,953.71
PA-DSE_SCF+DFRL+QSD+QAT_vadd_B60_sNone_6800496,PA-DSE_SCF+DFRL+QSD+QAT,vadd,bambu,60,,4,SCF+DFRL,2,0.8,5,0.05,60,55,5,91.7,area,201.0,201.0,5,8,15.432,154.203,0,0,,0,0,0,3.78,21.03,694.52
PA-DSE_SCF+DFRL+QSD+QAT_vadd_B60_sNone_6954700,PA-DSE_SCF+DFRL+QSD+QAT,vadd,bambu,60,,5,SCF+DFRL,2,0.8,5,0.05,60,56,4,93.3,area,201.0,201.0,5,8,2.572,155.374,0,0,,0,0,0,3.2,19.95,864.42
PA-DSE_SCF+DFRL+QSD+QAT_vadd_B60_sNone_7110073,PA-DSE_SCF+DFRL+QSD+QAT,vadd,bambu,60,,6,SCF+DFRL,2,0.8,5,0.05,60,55,5,91.7,area,201.0,201.0,5,8,5.094,156.54,0,0,,0,0,0,3.2,21.9,833.49
PA-DSE_SCF+DFRL+QSD+QAT_vadd_B60_sNone_7266614,PA-DSE_SCF+DFRL+QSD+QAT,vadd,bambu,60,,7,SCF+DFRL,2,0.8,5,0.05,60,56,4,93.3,area,201.0,201.0,5,8,5.197,155.745,0,0,,0,0,0,4.59,20.38,976.09
PA-DSE_SCF+DFRL+QSD+QAT_vadd_B60_sNone_7422359,PA-DSE_SCF+DFRL+QSD+QAT,vadd,bambu,60,,8,SCF+DFRL,2,0.8,5,0.05,60,55,5,91.7,area,201.0,201.0,5,8,15.432,156.292,0,0,,0,0,0,4.29,22.83,755.15
PA-DSE_SCF+DFRL+QSD+QAT_vadd_B60_sNone_7578651,PA-DSE_SCF+DFRL+QSD+QAT,vadd,bambu,60,,9,SCF+DFRL,2,0.8,5,0.05,60,55,5,91.7,area,201.0,201.0,5,8,15.281,155.93,0,0,,0,0,0,3.64,19.61,725.45
PA-DSE_SCF+DFRL+QSD+QAT_fir_B60_sNone_7734581,PA-DSE_SCF+DFRL+QSD+QAT,fir,bambu,60,,0,SCF+DFRL,2,0.8,5,0.05,60,54,6,90.0,area,262.0,262.0,8,19,18.19,157.964,0,0,,0,0,0,5.76,22.3,589.43
PA-DSE_SCF+DFRL+QSD+QAT_fir_B60_sNone_7892546,PA-DSE_SCF+DFRL+QSD+QAT,fir,bambu,60,,1,SCF+DFRL,2,0.8,5,0.05,60,56,4,93.3,area,262.0,262.0,8,19,10.386,159.058,0,0,,0,0,0,4.88,20.14,832.43
PA-DSE_SCF+DFRL+QSD+QAT_fir_B60_sNone_8051604,PA-DSE_SCF+DFRL+QSD+QAT,fir,bambu,60,,2,SCF+DFRL,2,0.8,5,0.05,60,56,4,93.3,area,262.0,262.0,8,19,2.632,158.868,0,0,,0,0,0,5.55,21.07,802.04
PA-DSE_SCF+DFRL+QSD+QAT_fir_B60_sNone_8210472,PA-DSE_SCF+DFRL+QSD+QAT,fir,bambu,60,,3,SCF+DFRL,2,0.8,5,0.05,60,56,4,93.3,area,262.0,262.0,8,19,2.615,158.123,0,0,,0,0,0,4.81,21.15,1006.43
PA-DSE_SCF+DFRL+QSD+QAT_fir_B60_sNone_8368595,PA-DSE_SCF+DFRL+QSD+QAT,fir,bambu,60,,4,SCF+DFRL,2,0.8,5,0.05,60,55,5,91.7,area,262.0,262.0,8,19,15.408,157.518,0,0,,0,0,0,5.81,19.52,676.34
PA-DSE_SCF+DFRL+QSD+QAT_fir_B60_sNone_8526113,PA-DSE_SCF+DFRL+QSD+QAT,fir,bambu,60,,5,SCF+DFRL,2,0.8,5,0.05,60,56,4,93.3,area,262.0,262.0,8,19,2.598,157.905,0,0,,0,0,0,6.01,19.81,986.26
PA-DSE_SCF+DFRL+QSD+QAT_fir_B60_sNone_8684018,PA-DSE_SCF+DFRL+QSD+QAT,fir,bambu,60,,6,SCF+DFRL,2,0.8,5,0.05,60,56,4,93.3,area,262.0,262.0,8,19,5.176,158.11,0,0,,0,0,0,6.86,23.08,786.67
PA-DSE_SCF+DFRL+QSD+QAT_fir_B60_sNone_8842128,PA-DSE_SCF+DFRL+QSD+QAT,fir,bambu,60,,7,SCF+DFRL,2,0.8,5,0.05,60,56,4,93.3,area,262.0,262.0,8,19,5.203,158.618,0,0,,0,0,0,5.47,20.27,1040.67
PA-DSE_SCF+DFRL+QSD+QAT_fir_B60_sNone_9000747,PA-DSE_SCF+DFRL+QSD+QAT,fir,bambu,60,,8,SCF+DFRL,2,0.8,5,0.05,60,55,5,91.7,area,262.0,262.0,8,19,15.684,157.375,0,0,,0,0,0,5.73,20.85,866.23
PA-DSE_SCF+DFRL+QSD+QAT_fir_B60_sNone_9158122,PA-DSE_SCF+DFRL+QSD+QAT,fir,bambu,60,,9,SCF+DFRL,2,0.8,5,0.05,60,54,6,90.0,area,262.0,262.0,8,19,15.78,159.005,0,0,,0,0,0,4.73,22.02,644.1
PA-DSE_SCF+DFRL+QSD+QAT_histogram_B60_sNone_9317128,PA-DSE_SCF+DFRL+QSD+QAT,histogram,bambu,60,,0,SCF+DFRL,2,0.8,5,0.05,60,54,6,90.0,area,359.0,359.0,8,13,18.77,161.55,0,0,,0,0,0,7.73,19.76,741.79
PA-DSE_SCF+DFRL+QSD+QAT_histogram_B60_sNone_9478678,PA-DSE_SCF+DFRL+QSD+QAT,histogram,bambu,60,,1,SCF+DFRL,2,0.8,5,0.05,60,56,4,93.3,area,359.0,359.0,8,13,10.68,161.092,0,0,,0,0,0,7.6,20.61,812.19
PA-DSE_SCF+DFRL+QSD+QAT_histogram_B60_sNone_9639770,PA-DSE_SCF+DFRL+QSD+QAT,histogram,bambu,60,,2,SCF+DFRL,2,0.8,5,0.05,60,56,4,93.3,area,359.0,359.0,8,13,2.679,161.335,0,0,,0,0,0,7.81,19.89,806.14
PA-DSE_SCF+DFRL+QSD+QAT_histogram_B60_sNone_9801106,PA-DSE_SCF+DFRL+QSD+QAT,histogram,bambu,60,,3,SCF+DFRL,2,0.8,5,0.05,60,56,4,93.3,area,359.0,359.0,8,13,2.661,161.283,0,0,,0,0,0,7.58,21.97,964.31
PA-DSE_SCF+DFRL+QSD+QAT_histogram_B60_sNone_9962390,PA-DSE_SCF+DFRL+QSD+QAT,histogram,bambu,60,,4,SCF+DFRL,2,0.8,5,0.05,60,55,5,91.7,area,359.0,359.0,8,13,15.884,160.078,0,0,,0,0,0,5.38,19.67,695.92
PA-DSE_SCF+DFRL+QSD+QAT_histogram_B60_sNone_122468,PA-DSE_SCF+DFRL+QSD+QAT,histogram,bambu,60,,5,SCF+DFRL,2,0.8,5,0.05,60,56,4,93.3,area,359.0,359.0,8,13,2.687,161.751,0,0,,0,0,0,8.52,19.69,971.28
PA-DSE_SCF+DFRL+QSD+QAT_histogram_B60_sNone_284220,PA-DSE_SCF+DFRL+QSD+QAT,histogram,bambu,60,,6,SCF+DFRL,2,0.8,5,0.05,60,56,4,93.3,area,359.0,359.0,8,13,5.258,163.178,0,0,,0,0,0,7.42,20.3,769.3
PA-DSE_SCF+DFRL+QSD+QAT_histogram_B60_sNone_447398,PA-DSE_SCF+DFRL+QSD+QAT,histogram,bambu,60,,7,SCF+DFRL,2,0.8,5,0.05,60,56,4,93.3,area,359.0,359.0,8,13,5.353,161.921,0,0,,0,0,0,4.79,18.55,931.66
PA-DSE_SCF+DFRL+QSD+QAT_histogram_B60_sNone_609319,PA-DSE_SCF+DFRL+QSD+QAT,histogram,bambu,60,,8,SCF+DFRL,2,0.8,5,0.05,60,55,5,91.7,area,359.0,359.0,8,13,15.778,160.924,0,0,,0,0,0,5.6,20.04,856.24
PA-DSE_SCF+DFRL+QSD+QAT_histogram_B60_sNone_770244,PA-DSE_SCF+DFRL+QSD+QAT,histogram,bambu,60,,9,SCF+DFRL,2,0.8,5,0.05,60,55,5,91.7,area,359.0,359.0,8,13,15.844,160.891,0,0,,0,0,0,6.15,20.19,738.02
PA-DSE_SCF+DFRL+QSD+QAT_bicg_B60_sNone_931135,PA-DSE_SCF+DFRL+QSD+QAT,bicg,bambu,60,,0,SCF+DFRL,2,0.8,5,0.05,60,54,6,90.0,area,658.0,658.0,12,20,18.606,162.911,0,0,,0,0,0,12.44,19.96,565.4
PA-DSE_SCF+DFRL+QSD+QAT_bicg_B60_sNone_1094047,PA-DSE_SCF+DFRL+QSD+QAT,bicg,bambu,60,,1,SCF+DFRL,2,0.8,5,0.05,60,56,4,93.3,area,658.0,658.0,12,20,10.724,163.976,0,0,,0,0,0,5.64,20.06,821.7
PA-DSE_SCF+DFRL+QSD+QAT_bicg_B60_sNone_1258023,PA-DSE_SCF+DFRL+QSD+QAT,bicg,bambu,60,,2,SCF+DFRL,2,0.8,5,0.05,60,56,4,93.3,area,658.0,658.0,12,20,2.723,164.645,0,0,,0,0,0,7.47,20.35,809.16
PA-DSE_SCF+DFRL+QSD+QAT_bicg_B60_sNone_1422667,PA-DSE_SCF+DFRL+QSD+QAT,bicg,bambu,60,,3,SCF+DFRL,2,0.8,5,0.05,60,56,4,93.3,area,658.0,658.0,12,20,2.628,163.595,0,0,,0,0,0,6.59,20.45,985.96
PA-DSE_SCF+DFRL+QSD+QAT_bicg_B60_sNone_1586262,PA-DSE_SCF+DFRL+QSD+QAT,bicg,bambu,60,,4,SCF+DFRL,2,0.8,5,0.05,60,55,5,91.7,area,658.0,658.0,12,20,16.227,164.622,0,0,,0,0,0,8.17,20.84,676.21
PA-DSE_SCF+DFRL+QSD+QAT_bicg_B60_sNone_1750885,PA-DSE_SCF+DFRL+QSD+QAT,bicg,bambu,60,,5,SCF+DFRL,2,0.8,5,0.05,60,56,4,93.3,area,658.0,658.0,12,20,2.82,164.962,0,0,,0,0,0,7.29,20.74,993.56
PA-DSE_SCF+DFRL+QSD+QAT_bicg_B60_sNone_1915847,PA-DSE_SCF+DFRL+QSD+QAT,bicg,bambu,60,,6,SCF+DFRL,2,0.8,5,0.05,60,56,4,93.3,area,658.0,658.0,12,20,5.452,164.175,0,0,,0,0,0,8.3,21.32,743.15
PA-DSE_SCF+DFRL+QSD+QAT_bicg_B60_sNone_2080022,PA-DSE_SCF+DFRL+QSD+QAT,bicg,bambu,60,,7,SCF+DFRL,2,0.8,5,0.05,60,56,4,93.3,area,658.0,658.0,12,20,5.418,163.445,0,0,,0,0,0,9.41,20.71,1089.61
PA-DSE_SCF+DFRL+QSD+QAT_bicg_B60_sNone_2243467,PA-DSE_SCF+DFRL+QSD+QAT,bicg,bambu,60,,8,SCF+DFRL,2,0.8,5,0.05,60,55,5,91.7,area,658.0,658.0,12,20,16.162,162.95,0,0,,0,0,0,6.82,23.08,938.42
PA-DSE_SCF+DFRL+QSD+QAT_bicg_B60_sNone_2406417,PA-DSE_SCF+DFRL+QSD+QAT,bicg,bambu,60,,9,SCF+DFRL,2,0.8,5,0.05,60,55,5,91.7,area,658.0,658.0,12,20,16.25,163.673,0,0,,0,0,0,8.09,19.7,623.89
PA-DSE_SCF+DFRL+QSD+QAT_atax_B60_sNone_2570090,PA-DSE_SCF+DFRL+QSD+QAT,atax,bambu,60,,0,SCF+DFRL,2,0.8,5,0.05,60,54,6,90.0,area,643.0,643.0,14,23,18.847,162.446,0,0,,0,0,0,15.01,20.24,590.52
PA-DSE_SCF+DFRL+QSD+QAT_atax_B60_sNone_2732536,PA-DSE_SCF+DFRL+QSD+QAT,atax,bambu,60,,1,SCF+DFRL,2,0.8,5,0.05,60,56,4,93.3,area,643.0,643.0,14,23,10.692,163.544,0,0,,0,0,0,5.02,20.17,886.36
PA-DSE_SCF+DFRL+QSD+QAT_atax_B60_sNone_2896081,PA-DSE_SCF+DFRL+QSD+QAT,atax,bambu,60,,2,SCF+DFRL,2,0.8,5,0.05,60,56,4,93.3,area,643.0,643.0,14,23,2.735,164.377,0,0,,0,0,0,6.55,22.3,786.45
PA-DSE_SCF+DFRL+QSD+QAT_atax_B60_sNone_3060458,PA-DSE_SCF+DFRL+QSD+QAT,atax,bambu,60,,3,SCF+DFRL,2,0.8,5,0.05,60,56,4,93.3,area,643.0,643.0,14,23,2.753,165.102,0,0,,0,0,0,5.31,19.68,1017.18
PA-DSE_SCF+DFRL+QSD+QAT_atax_B60_sNone_3225560,PA-DSE_SCF+DFRL+QSD+QAT,atax,bambu,60,,4,SCF+DFRL,2,0.8,5,0.05,60,55,5,91.7,area,643.0,643.0,14,23,16.195,164.954,0,0,,0,0,0,6.77,21.04,596.84
PA-DSE_SCF+DFRL+QSD+QAT_atax_B60_sNone_3390515,PA-DSE_SCF+DFRL+QSD+QAT,atax,bambu,60,,5,SCF+DFRL,2,0.8,5,0.05,60,56,4,93.3,area,643.0,643.0,14,23,2.696,164.897,0,0,,0,0,0,13.2,20.05,967.04
PA-DSE_SCF+DFRL+QSD+QAT_atax_B60_sNone_3555412,PA-DSE_SCF+DFRL+QSD+QAT,atax,bambu,60,,6,SCF+DFRL,2,0.8,5,0.05,60,56,4,93.3,area,643.0,643.0,14,23,5.309,163.701,0,0,,0,0,0,6.98,19.99,655.74
PA-DSE_SCF+DFRL+QSD+QAT_atax_B60_sNone_3719114,PA-DSE_SCF+DFRL+QSD+QAT,atax,bambu,60,,7,SCF+DFRL,2,0.8,5,0.05,60,56,4,93.3,area,643.0,643.0,14,23,5.364,165.784,0,0,,0,0,0,6.93,19.78,1061.2
PA-DSE_SCF+DFRL+QSD+QAT_atax_B60_sNone_3884898,PA-DSE_SCF+DFRL+QSD+QAT,atax,bambu,60,,8,SCF+DFRL,2,0.8,5,0.05,60,55,5,91.7,area,643.0,643.0,14,23,16.132,165.771,0,0,,0,0,0,6.21,19.46,886.39
PA-DSE_SCF+DFRL+QSD+QAT_atax_B60_sNone_4050669,PA-DSE_SCF+DFRL+QSD+QAT,atax,bambu,60,,9,SCF+DFRL,2,0.8,5,0.05,60,55,5,91.7,area,643.0,643.0,14,23,16.358,164.629,0,0,,0,0,0,6.06,20.15,619.98
PA-DSE_SCF+DFRL+QSD+QAT_gemm_B60_sNone_4215298,PA-DSE_SCF+DFRL+QSD+QAT,gemm,bambu,60,,0,SCF+DFRL,2,0.8,5,0.05,60,54,6,90.0,area,362.0,362.0,11,26,18.529,159.504,0,0,,0,0,0,8.47,19.61,569.09
PA-DSE_SCF+DFRL+QSD+QAT_gemm_B60_sNone_4374803,PA-DSE_SCF+DFRL+QSD+QAT,gemm,bambu,60,,1,SCF+DFRL,2,0.8,5,0.05,60,56,4,93.3,area,362.0,362.0,11,26,10.434,160.592,0,0,,0,0,0,6.29,21.2,862.39
PA-DSE_SCF+DFRL+QSD+QAT_gemm_B60_sNone_4535396,PA-DSE_SCF+DFRL+QSD+QAT,gemm,bambu,60,,2,SCF+DFRL,2,0.8,5,0.05,60,56,4,93.3,area,362.0,362.0,11,26,2.644,160.955,0,0,,0,0,0,6.45,19.88,744.43
PA-DSE_SCF+DFRL+QSD+QAT_gemm_B60_sNone_4696351,PA-DSE_SCF+DFRL+QSD+QAT,gemm,bambu,60,,3,SCF+DFRL,2,0.8,5,0.05,60,56,4,93.3,area,362.0,362.0,11,26,2.736,160.802,0,0,,0,0,0,8.78,19.75,999.39
PA-DSE_SCF+DFRL+QSD+QAT_gemm_B60_sNone_4857153,PA-DSE_SCF+DFRL+QSD+QAT,gemm,bambu,60,,4,SCF+DFRL,2,0.8,5,0.05,60,55,5,91.7,area,362.0,362.0,11,26,15.647,158.746,0,0,,0,0,0,8.35,20.66,601.94
PA-DSE_SCF+DFRL+QSD+QAT_gemm_B60_sNone_5015900,PA-DSE_SCF+DFRL+QSD+QAT,gemm,bambu,60,,5,SCF+DFRL,2,0.8,5,0.05,60,56,4,93.3,area,362.0,362.0,11,26,2.632,160.436,0,0,,0,0,0,7.35,20.98,997.58
PA-DSE_SCF+DFRL+QSD+QAT_gemm_B60_sNone_5176336,PA-DSE_SCF+DFRL+QSD+QAT,gemm,bambu,60,,6,SCF+DFRL,2,0.8,5,0.05,60,56,4,93.3,area,362.0,362.0,11,26,5.295,159.346,0,0,,0,0,0,7.97,20.67,672.55
PA-DSE_SCF+DFRL+QSD+QAT_gemm_B60_sNone_5335682,PA-DSE_SCF+DFRL+QSD+QAT,gemm,bambu,60,,7,SCF+DFRL,2,0.8,5,0.05,60,56,4,93.3,area,362.0,362.0,11,26,5.249,160.623,0,0,,0,0,0,6.98,20.21,1064.83
PA-DSE_SCF+DFRL+QSD+QAT_gemm_B60_sNone_5496306,PA-DSE_SCF+DFRL+QSD+QAT,gemm,bambu,60,,8,SCF+DFRL,2,0.8,5,0.05,60,55,5,91.7,area,362.0,362.0,11,25,15.822,159.199,0,0,,0,0,0,8.39,20.8,972.62
PA-DSE_SCF+DFRL+QSD+QAT_gemm_B60_sNone_5655505,PA-DSE_SCF+DFRL+QSD+QAT,gemm,bambu,60,,9,SCF+DFRL,2,0.8,5,0.05,60,55,5,91.7,area,362.0,362.0,11,26,15.756,159.39,0,0,,0,0,0,8.35,20.44,626.65
PA-DSE_SCF+DFRL+QSD+QAT_gesummv_B60_sNone_5814895,PA-DSE_SCF+DFRL+QSD+QAT,gesummv,bambu,60,,0,SCF+DFRL,2,0.8,5,0.05,60,54,6,90.0,area,799.0,799.0,15,24,18.336,163.063,0,0,,0,0,0,9.25,21.43,559.5
PA-DSE_SCF+DFRL+QSD+QAT_gesummv_B60_sNone_5977958,PA-DSE_SCF+DFRL+QSD+QAT,gesummv,bambu,60,,1,SCF+DFRL,2,0.8,5,0.05,60,56,4,93.3,area,799.0,799.0,15,24,10.665,163.485,0,0,,0,0,0,7.99,21.72,870.53
PA-DSE_SCF+DFRL+QSD+QAT_gesummv_B60_sNone_6141443,PA-DSE_SCF+DFRL+QSD+QAT,gesummv,bambu,60,,2,SCF+DFRL,2,0.8,5,0.05,60,56,4,93.3,area,799.0,799.0,15,24,2.774,163.293,0,0,,0,0,0,6.28,18.93,734.22
PA-DSE_SCF+DFRL+QSD+QAT_gesummv_B60_sNone_6304736,PA-DSE_SCF+DFRL+QSD+QAT,gesummv,bambu,60,,3,SCF+DFRL,2,0.8,5,0.05,60,56,4,93.3,area,799.0,799.0,15,24,2.66,163.276,0,0,,0,0,0,7.26,20.92,1013.21
PA-DSE_SCF+DFRL+QSD+QAT_gesummv_B60_sNone_6468012,PA-DSE_SCF+DFRL+QSD+QAT,gesummv,bambu,60,,4,SCF+DFRL,2,0.8,5,0.05,60,55,5,91.7,area,799.0,799.0,15,24,16.059,162.783,0,0,,0,0,0,6.2,20.26,590.82
PA-DSE_SCF+DFRL+QSD+QAT_gesummv_B60_sNone_6630796,PA-DSE_SCF+DFRL+QSD+QAT,gesummv,bambu,60,,5,SCF+DFRL,2,0.8,5,0.05,60,56,4,93.3,area,799.0,799.0,15,24,2.628,162.905,0,0,,0,0,0,10.36,20.98,990.07
PA-DSE_SCF+DFRL+QSD+QAT_gesummv_B60_sNone_6793701,PA-DSE_SCF+DFRL+QSD+QAT,gesummv,bambu,60,,6,SCF+DFRL,2,0.8,5,0.05,60,56,4,93.3,area,799.0,799.0,15,24,5.371,163.492,0,0,,0,0,0,5.81,20.04,657.84
PA-DSE_SCF+DFRL+QSD+QAT_gesummv_B60_sNone_6957193,PA-DSE_SCF+DFRL+QSD+QAT,gesummv,bambu,60,,7,SCF+DFRL,2,0.8,5,0.05,60,56,4,93.3,area,799.0,799.0,15,24,5.435,162.58,0,0,,0,0,0,8.97,23.54,1080.98
PA-DSE_SCF+DFRL+QSD+QAT_gesummv_B60_sNone_7119773,PA-DSE_SCF+DFRL+QSD+QAT,gesummv,bambu,60,,8,SCF+DFRL,2,0.8,5,0.05,60,55,5,91.7,area,799.0,799.0,15,24,15.877,163.576,0,0,,0,0,0,6.95,19.81,861.41
PA-DSE_SCF+DFRL+QSD+QAT_gesummv_B60_sNone_7283349,PA-DSE_SCF+DFRL+QSD+QAT,gesummv,bambu,60,,9,SCF+DFRL,2,0.8,5,0.05,60,55,5,91.7,area,799.0,799.0,15,24,16.045,164.01,0,0,,0,0,0,7.63,19.45,610.66
