run_id,event,eval_step,signature_id,error_type,conditions,conf,n_fail,n_counter,subsumed_signature_id
PA-DSE_SCF+DFRL_matmul_B120_sNone_1866748,activated,63,82128,generic_error,"{""pipeline"": ""True""}",0.7143,5,0,
PA-DSE_SCF+DFRL_matmul_B120_sNone_1866748,updated,64,82128,generic_error,"{""pipeline"": ""True""}",0.7500,6,0,
PA-DSE_SCF+DFRL_matmul_B120_sNone_2022702,activated,63,93504,generic_error,"{""pipeline"": ""True""}",0.7143,5,0,
PA-DSE_SCF+DFRL_matmul_B120_sNone_2022702,updated,64,93504,generic_error,"{""pipeline"": ""True""}",0.7500,6,0,
PA-DSE_SCF+DFRL_matmul_B120_sNone_2179943,activated,63,82368,generic_error,"{""pipeline"": ""True""}",0.7143,5,0,
PA-DSE_SCF+DFRL_matmul_B120_sNone_2179943,updated,64,82368,generic_error,"{""pipeline"": ""True""}",0.7500,6,0,
PA-DSE_SCF+DFRL_matmul_B120_sNone_2337063,activated,62,92640,generic_error,"{""pipeline"": ""True""}",0.7143,5,0,
PA-DSE_SCF+DFRL_matmul_B120_sNone_2491527,activated,62,93264,generic_error,"{""pipeline"": ""True""}",0.7143,5,0,
PA-DSE_SCF+DFRL_matmul_B120_sNone_2491527,updated,63,93264,generic_error,"{""pipeline"": ""True""}",0.7500,6,0,
PA-DSE_SCF+DFRL_vadd_B120_sNone_2645779,activated,63,92016,generic_error,"{""pipeline"": ""True""}",0.7143,5,0,
PA-DSE_SCF+DFRL_vadd_B120_sNone_2645779,updated,64,92016,generic_error,"{""pipeline"": ""True""}",0.7500,6,0,
PA-DSE_SCF+DFRL_vadd_B120_sNone_2799672,activated,63,82128,generic_error,"{""pipeline"": ""True""}",0.7143,5,0,
PA-DSE_SCF+DFRL_vadd_B120_sNone_2799672,updated,64,82128,generic_error,"{""pipeline"": ""True""}",0.7500,6,0,
PA-DSE_SCF+DFRL_vadd_B120_sNone_2954130,activated,63,91824,generic_error,"{""pipeline"": ""True""}",0.7143,5,0,
PA-DSE_SCF+DFRL_vadd_B120_sNone_2954130,updated,64,91824,generic_error,"{""pipeline"": ""True""}",0.7500,6,0,
PA-DSE_SCF+DFRL_vadd_B120_sNone_3108533,activated,62,90528,generic_error,"{""pipeline"": ""True""}",0.7143,5,0,
PA-DSE_SCF+DFRL_vadd_B120_sNone_3261175,activated,62,90672,generic_error,"{""pipeline"": ""True""}",0.7143,5,0,
PA-DSE_SCF+DFRL_vadd_B120_sNone_3261175,updated,63,90672,generic_error,"{""pipeline"": ""True""}",0.7500,6,0,
PA-DSE_SCF+DFRL_fir_B120_sNone_3412218,activated,63,89664,generic_error,"{""pipeline"": ""True""}",0.7143,5,0,
PA-DSE_SCF+DFRL_fir_B120_sNone_3412218,updated,64,89664,generic_error,"{""pipeline"": ""True""}",0.7500,6,0,
PA-DSE_SCF+DFRL_fir_B120_sNone_3567249,activated,63,83376,generic_error,"{""pipeline"": ""True""}",0.7143,5,0,
PA-DSE_SCF+DFRL_fir_B120_sNone_3567249,updated,64,83376,generic_error,"{""pipeline"": ""True""}",0.7500,6,0,
PA-DSE_SCF+DFRL_fir_B120_sNone_3723624,activated,63,88704,generic_error,"{""pipeline"": ""True""}",0.7143,5,0,
PA-DSE_SCF+DFRL_fir_B120_sNone_3723624,updated,64,88704,generic_error,"{""pipeline"": ""True""}",0.7500,6,0,
PA-DSE_SCF+DFRL_fir_B120_sNone_3879096,activated,62,88800,generic_error,"{""pipeline"": ""True""}",0.7143,5,0,
PA-DSE_SCF+DFRL_fir_B120_sNone_4032236,activated,62,88272,generic_error,"{""pipeline"": ""True""}",0.7143,5,0,
PA-DSE_SCF+DFRL_fir_B120_sNone_4032236,updated,63,88272,generic_error,"{""pipeline"": ""True""}",0.7500,6,0,
PA-DSE_SCF+DFRL_histogram_B120_sNone_4185599,activated,63,87600,generic_error,"{""pipeline"": ""True""}",0.7143,5,0,
PA-DSE_SCF+DFRL_histogram_B120_sNone_4185599,updated,64,87600,generic_error,"{""pipeline"": ""True""}",0.7500,6,0,
PA-DSE_SCF+DFRL_histogram_B120_sNone_4342661,activated,63,87600,generic_error,"{""pipeline"": ""True""}",0.7143,5,0,
PA-DSE_SCF+DFRL_histogram_B120_sNone_4342661,updated,64,87600,generic_error,"{""pipeline"": ""True""}",0.7500,6,0,
PA-DSE_SCF+DFRL_histogram_B120_sNone_4499964,activated,63,88368,generic_error,"{""pipeline"": ""True""}",0.7143,5,0,
PA-DSE_SCF+DFRL_histogram_B120_sNone_4499964,updated,64,88368,generic_error,"{""pipeline"": ""True""}",0.7500,6,0,
PA-DSE_SCF+DFRL_histogram_B120_sNone_4657220,activated,62,85728,generic_error,"{""pipeline"": ""True""}",0.7143,5,0,
PA-DSE_SCF+DFRL_histogram_B120_sNone_4812454,activated,62,85872,generic_error,"{""pipeline"": ""True""}",0.7143,5,0,
PA-DSE_SCF+DFRL_histogram_B120_sNone_4812454,updated,63,85872,generic_error,"{""pipeline"": ""True""}",0.7500,6,0,
PA-DSE_SCF+DFRL_atax_B120_sNone_4967332,activated,63,84864,generic_error,"{""pipeline"": ""True""}",0.7143,5,0,
PA-DSE_SCF+DFRL_atax_B120_sNone_4967332,updated,64,84864,generic_error,"{""pipeline"": ""True""}",0.7500,6,0,
PA-DSE_SCF+DFRL_atax_B120_sNone_5127397,activated,63,88464,generic_error,"{""pipeline"": ""True""}",0.7143,5,0,
PA-DSE_SCF+DFRL_atax_B120_sNone_5127397,updated,64,88464,generic_error,"{""pipeline"": ""True""}",0.7500,6,0,
PA-DSE_SCF+DFRL_atax_B120_sNone_5287102,activated,63,84672,generic_error,"{""pipeline"": ""True""}",0.7143,5,0,
PA-DSE_SCF+DFRL_atax_B120_sNone_5287102,updated,64,84672,generic_error,"{""pipeline"": ""True""}",0.7500,6,0,
PA-DSE_SCF+DFRL_atax_B120_sNone_5446716,activated,62,88992,generic_error,"{""pipeline"": ""True""}",0.7143,5,0,
PA-DSE_SCF+DFRL_atax_B120_sNone_5604057,activated,62,84048,generic_error,"{""pipeline"": ""True""}",0.7143,5,0,
PA-DSE_SCF+DFRL_atax_B120_sNone_5604057,updated,63,84048,generic_error,"{""pipeline"": ""True""}",0.7500,6,0,
PA-DSE_SCF+DFRL_bicg_B120_sNone_5761921,activated,63,93024,generic_error,"{""pipeline"": ""True""}",0.7143,5,0,
PA-DSE_SCF+DFRL_bicg_B120_sNone_5761921,updated,64,93024,generic_error,"{""pipeline"": ""True""}",0.7500,6,0,
PA-DSE_SCF+DFRL_bicg_B120_sNone_5920944,activated,63,84912,generic_error,"{""pipeline"": ""True""}",0.7143,5,0,
PA-DSE_SCF+DFRL_bicg_B120_sNone_5920944,updated,64,84912,generic_error,"{""pipeline"": ""True""}",0.7500,6,0,
PA-DSE_SCF+DFRL_bicg_B120_sNone_6081850,activated,63,92928,generic_error,"{""pipeline"": ""True""}",0.7143,5,0,
PA-DSE_SCF+DFRL_bicg_B120_sNone_6081850,updated,64,92928,generic_error,"{""pipeline"": ""True""}",0.7500,6,0,
PA-DSE_SCF+DFRL_bicg_B120_sNone_6241599,activated,62,92736,generic_error,"{""pipeline"": ""True""}",0.7143,5,0,
PA-DSE_SCF+DFRL_bicg_B120_sNone_6398379,activated,62,93456,generic_error,"{""pipeline"": ""True""}",0.7143,5,0,
PA-DSE_SCF+DFRL_bicg_B120_sNone_6398379,updated,63,93456,generic_error,"{""pipeline"": ""True""}",0.7500,6,0,
PA-DSE_SCF+DFRL_gemm_B120_sNone_6554772,activated,63,90720,generic_error,"{""pipeline"": ""True""}",0.7143,5,0,
PA-DSE_SCF+DFRL_gemm_B120_sNone_6554772,updated,64,90720,generic_error,"{""pipeline"": ""True""}",0.7500,6,0,
PA-DSE_SCF+DFRL_gemm_B120_sNone_6710073,activated,63,90912,generic_error,"{""pipeline"": ""True""}",0.7143,5,0,
PA-DSE_SCF+DFRL_gemm_B120_sNone_6710073,updated,64,90912,generic_error,"{""pipeline"": ""True""}",0.7500,6,0,
PA-DSE_SCF+DFRL_gemm_B120_sNone_6866518,activated,63,90960,generic_error,"{""pipeline"": ""True""}",0.7143,5,0,
PA-DSE_SCF+DFRL_gemm_B120_sNone_6866518,updated,64,90960,generic_error,"{""pipeline"": ""True""}",0.7500,6,0,
PA-DSE_SCF+DFRL_gemm_B120_sNone_7023120,activated,62,93168,generic_error,"{""pipeline"": ""True""}",0.7143,5,0,
PA-DSE_SCF+DFRL_gemm_B120_sNone_7178312,activated,62,89040,generic_error,"{""pipeline"": ""True""}",0.7143,5,0,
PA-DSE_SCF+DFRL_gemm_B120_sNone_7178312,updated,63,89040,generic_error,"{""pipeline"": ""True""}",0.7500,6,0,
PA-DSE_SCF+DFRL_gesummv_B120_sNone_7333149,activated,63,83376,generic_error,"{""pipeline"": ""True""}",0.7143,5,0,
PA-DSE_SCF+DFRL_gesummv_B120_sNone_7333149,updated,64,83376,generic_error,"{""pipeline"": ""True""}",0.7500,6,0,
PA-DSE_SCF+DFRL_gesummv_B120_sNone_7492890,activated,63,88896,generic_error,"{""pipeline"": ""True""}",0.7143,5,0,
PA-DSE_SCF+DFRL_gesummv_B120_sNone_7492890,updated,64,88896,generic_error,"{""pipeline"": ""True""}",0.7500,6,0,
PA-DSE_SCF+DFRL_gesummv_B120_sNone_7653140,activated,63,90384,generic_error,"{""pipeline"": ""True""}",0.7143,5,0,
PA-DSE_SCF+DFRL_gesummv_B120_sNone_7653140,updated,64,90384,generic_error,"{""pipeline"": ""True""}",0.7500,6,0,
PA-DSE_SCF+DFRL_gesummv_B120_sNone_7813258,activated,62,91824,generic_error,"{""pipeline"": ""True""}",0.7143,5,0,
PA-DSE_SCF+DFRL_gesummv_B120_sNone_7969296,activated,62,88128,generic_error,"{""pipeline"": ""True""}",0.7143,5,0,
PA-DSE_SCF+DFRL_gesummv_B120_sNone_7969296,updated,63,88128,generic_error,"{""pipeline"": ""True""}",0.7500,6,0,
PA-DSE_SCF+DFRL_matmul_B120_sNone_8125792,activated,66,93552,generic_error,"{""pipeline"": ""True""}",0.8000,8,0,
PA-DSE_SCF+DFRL_matmul_B120_sNone_8288281,activated,66,88704,generic_error,"{""pipeline"": ""True""}",0.8000,8,0,
PA-DSE_SCF+DFRL_matmul_B120_sNone_8288281,updated,67,88704,generic_error,"{""pipeline"": ""True""}",0.8182,9,0,
PA-DSE_SCF+DFRL_matmul_B120_sNone_8451038,activated,66,91248,generic_error,"{""pipeline"": ""True""}",0.8000,8,0,
PA-DSE_SCF+DFRL_matmul_B120_sNone_8613960,activated,67,90576,generic_error,"{""pipeline"": ""True""}",0.8000,8,0,
PA-DSE_SCF+DFRL_matmul_B120_sNone_8613960,updated,68,90576,generic_error,"{""pipeline"": ""True""}",0.8182,9,0,
PA-DSE_SCF+DFRL_matmul_B120_sNone_8779615,activated,67,88176,generic_error,"{""pipeline"": ""True""}",0.8000,8,0,
PA-DSE_SCF+DFRL_matmul_B120_sNone_8779615,updated,68,88176,generic_error,"{""pipeline"": ""True""}",0.8182,9,0,
PA-DSE_SCF+DFRL_vadd_B120_sNone_8945149,activated,66,86304,generic_error,"{""pipeline"": ""True""}",0.8000,8,0,
PA-DSE_SCF+DFRL_vadd_B120_sNone_9104550,activated,66,84960,generic_error,"{""pipeline"": ""True""}",0.8000,8,0,
PA-DSE_SCF+DFRL_vadd_B120_sNone_9104550,updated,67,84960,generic_error,"{""pipeline"": ""True""}",0.8182,9,0,
PA-DSE_SCF+DFRL_vadd_B120_sNone_9265421,activated,66,89136,generic_error,"{""pipeline"": ""True""}",0.8000,8,0,
PA-DSE_SCF+DFRL_vadd_B120_sNone_9425428,activated,67,86256,generic_error,"{""pipeline"": ""True""}",0.8000,8,0,
PA-DSE_SCF+DFRL_vadd_B120_sNone_9425428,updated,68,86256,generic_error,"{""pipeline"": ""True""}",0.8182,9,0,
PA-DSE_SCF+DFRL_vadd_B120_sNone_9588308,activated,67,92832,generic_error,"{""pipeline"": ""True""}",0.8000,8,0,
PA-DSE_SCF+DFRL_vadd_B120_sNone_9588308,updated,68,92832,generic_error,"{""pipeline"": ""True""}",0.8182,9,0,
PA-DSE_SCF+DFRL_fir_B120_sNone_9750804,activated,66,83328,generic_error,"{""pipeline"": ""True""}",0.8000,8,0,
PA-DSE_SCF+DFRL_fir_B120_sNone_9912727,activated,66,92640,generic_error,"{""pipeline"": ""True""}",0.8000,8,0,
PA-DSE_SCF+DFRL_fir_B120_sNone_9912727,updated,67,92640,generic_error,"{""pipeline"": ""True""}",0.8182,9,0,
PA-DSE_SCF+DFRL_fir_B120_sNone_74396,activated,66,82080,generic_error,"{""pipeline"": ""True""}",0.8000,8,0,
PA-DSE_SCF+DFRL_fir_B120_sNone_236622,activated,67,83280,generic_error,"{""pipeline"": ""True""}",0.8000,8,0,
PA-DSE_SCF+DFRL_fir_B120_sNone_236622,updated,68,83280,generic_error,"{""pipeline"": ""True""}",0.8182,9,0,
PA-DSE_SCF+DFRL_fir_B120_sNone_401321,activated,67,82368,generic_error,"{""pipeline"": ""True""}",0.8000,8,0,
PA-DSE_SCF+DFRL_fir_B120_sNone_401321,updated,68,82368,generic_error,"{""pipeline"": ""True""}",0.8182,9,0,
PA-DSE_SCF+DFRL_histogram_B120_sNone_566382,activated,66,93120,generic_error,"{""pipeline"": ""True""}",0.8000,8,0,
PA-DSE_SCF+DFRL_histogram_B120_sNone_733201,activated,66,93120,generic_error,"{""pipeline"": ""True""}",0.8000,8,0,
PA-DSE_SCF+DFRL_histogram_B120_sNone_733201,updated,67,93120,generic_error,"{""pipeline"": ""True""}",0.8182,9,0,
PA-DSE_SCF+DFRL_histogram_B120_sNone_899110,activated,66,84240,generic_error,"{""pipeline"": ""True""}",0.8000,8,0,
PA-DSE_SCF+DFRL_histogram_B120_sNone_1065226,activated,67,89856,generic_error,"{""pipeline"": ""True""}",0.8000,8,0,
PA-DSE_SCF+DFRL_histogram_B120_sNone_1065226,updated,68,89856,generic_error,"{""pipeline"": ""True""}",0.8182,9,0,
PA-DSE_SCF+DFRL_histogram_B120_sNone_1234051,activated,67,88896,generic_error,"{""pipeline"": ""True""}",0.8000,8,0,
PA-DSE_SCF+DFRL_histogram_B120_sNone_1234051,updated,68,88896,generic_error,"{""pipeline"": ""True""}",0.8182,9,0,
PA-DSE_SCF+DFRL_atax_B120_sNone_1402915,activated,66,88224,generic_error,"{""pipeline"": ""True""}",0.8000,8,0,
PA-DSE_SCF+DFRL_atax_B120_sNone_1571535,activated,66,90048,generic_error,"{""pipeline"": ""True""}",0.8000,8,0,
PA-DSE_SCF+DFRL_atax_B120_sNone_1571535,updated,67,90048,generic_error,"{""pipeline"": ""True""}",0.8182,9,0,
PA-DSE_SCF+DFRL_atax_B120_sNone_1740188,activated,66,87264,generic_error,"{""pipeline"": ""True""}",0.8000,8,0,
PA-DSE_SCF+DFRL_atax_B120_sNone_1908212,activated,67,90048,generic_error,"{""pipeline"": ""True""}",0.8000,8,0,
PA-DSE_SCF+DFRL_atax_B120_sNone_1908212,updated,68,90048,generic_error,"{""pipeline"": ""True""}",0.8182,9,0,
PA-DSE_SCF+DFRL_atax_B120_sNone_2078675,activated,67,82176,generic_error,"{""pipeline"": ""True""}",0.8000,8,0,
PA-DSE_SCF+DFRL_atax_B120_sNone_2078675,updated,68,82176,generic_error,"{""pipeline"": ""True""}",0.8182,9,0,
PA-DSE_SCF+DFRL_bicg_B120_sNone_2249172,activated,66,86784,generic_error,"{""pipeline"": ""True""}",0.8000,8,0,
PA-DSE_SCF+DFRL_bicg_B120_sNone_2416848,activated,66,85104,generic_error,"{""pipeline"": ""True""}",0.8000,8,0,
PA-DSE_SCF+DFRL_bicg_B120_sNone_2416848,updated,67,85104,generic_error,"{""pipeline"": ""True""}",0.8182,9,0,
PA-DSE_SCF+DFRL_bicg_B120_sNone_2584970,activated,66,82176,generic_error,"{""pipeline"": ""True""}",0.8000,8,0,
PA-DSE_SCF+DFRL_bicg_B120_sNone_2752170,activated,67,87216,generic_error,"{""pipeline"": ""True""}",0.8000,8,0,
PA-DSE_SCF+DFRL_bicg_B120_sNone_2752170,updated,68,87216,generic_error,"{""pipeline"": ""True""}",0.8182,9,0,
PA-DSE_SCF+DFRL_bicg_B120_sNone_2922153,activated,67,81984,generic_error,"{""pipeline"": ""True""}",0.8000,8,0,
PA-DSE_SCF+DFRL_bicg_B120_sNone_2922153,updated,68,81984,generic_error,"{""pipeline"": ""True""}",0.8182,9,0,
PA-DSE_SCF+DFRL_gemm_B120_sNone_3092388,activated,66,94272,generic_error,"{""pipeline"": ""True""}",0.8000,8,0,
PA-DSE_SCF+DFRL_gemm_B120_sNone_3257040,activated,66,85488,generic_error,"{""pipeline"": ""True""}",0.8000,8,0,
PA-DSE_SCF+DFRL_gemm_B120_sNone_3257040,updated,67,85488,generic_error,"{""pipeline"": ""True""}",0.8182,9,0,
PA-DSE_SCF+DFRL_gemm_B120_sNone_3423011,activated,66,81984,generic_error,"{""pipeline"": ""True""}",0.8000,8,0,
PA-DSE_SCF+DFRL_gemm_B120_sNone_3588848,activated,67,90864,generic_error,"{""pipeline"": ""True""}",0.8000,8,0,
PA-DSE_SCF+DFRL_gemm_B120_sNone_3588848,updated,68,90864,generic_error,"{""pipeline"": ""True""}",0.8182,9,0,
PA-DSE_SCF+DFRL_gemm_B120_sNone_3756314,activated,67,90432,generic_error,"{""pipeline"": ""True""}",0.8000,8,0,
PA-DSE_SCF+DFRL_gemm_B120_sNone_3756314,updated,68,90432,generic_error,"{""pipeline"": ""True""}",0.8182,9,0,
PA-DSE_SCF+DFRL_gesummv_B120_sNone_3923997,activated,66,82272,generic_error,"{""pipeline"": ""True""}",0.8000,8,0,
PA-DSE_SCF+DFRL_gesummv_B120_sNone_4092140,activated,66,83040,generic_error,"{""pipeline"": ""True""}",0.8000,8,0,
PA-DSE_SCF+DFRL_gesummv_B120_sNone_4092140,updated,67,83040,generic_error,"{""pipeline"": ""True""}",0.8182,9,0,
PA-DSE_SCF+DFRL_gesummv_B120_sNone_4258097,activated,66,90432,generic_error,"{""pipeline"": ""True""}",0.8000,8,0,
PA-DSE_SCF+DFRL_gesummv_B120_sNone_4424000,activated,67,86928,generic_error,"{""pipeline"": ""True""}",0.8000,8,0,
PA-DSE_SCF+DFRL_gesummv_B120_sNone_4424000,updated,68,86928,generic_error,"{""pipeline"": ""True""}",0.8182,9,0,
PA-DSE_SCF+DFRL_gesummv_B120_sNone_4592863,activated,67,93024,generic_error,"{""pipeline"": ""True""}",0.8000,8,0,
PA-DSE_SCF+DFRL_gesummv_B120_sNone_4592863,updated,68,93024,generic_error,"{""pipeline"": ""True""}",0.8182,9,0,
PA-DSE_SCF+DFRL_matmul_B120_sNone_4761854,activated,80,83520,generic_error,"{""pipeline"": ""True""}",0.9000,18,0,
PA-DSE_SCF+DFRL_matmul_B120_sNone_4761854,updated,81,83520,generic_error,"{""pipeline"": ""True""}",0.9048,19,0,
PA-DSE_SCF+DFRL_matmul_B120_sNone_4958640,activated,80,91440,generic_error,"{""pipeline"": ""True""}",0.9000,18,0,
PA-DSE_SCF+DFRL_matmul_B120_sNone_4958640,updated,81,91440,generic_error,"{""pipeline"": ""True""}",0.9048,19,0,
PA-DSE_SCF+DFRL_matmul_B120_sNone_5155824,activated,80,94128,generic_error,"{""pipeline"": ""True""}",0.9000,18,0,
PA-DSE_SCF+DFRL_matmul_B120_sNone_5155824,updated,81,94128,generic_error,"{""pipeline"": ""True""}",0.9048,19,0,
PA-DSE_SCF+DFRL_matmul_B120_sNone_5352850,activated,80,83280,generic_error,"{""pipeline"": ""True""}",0.9000,18,0,
PA-DSE_SCF+DFRL_matmul_B120_sNone_5352850,updated,81,83280,generic_error,"{""pipeline"": ""True""}",0.9048,19,0,
PA-DSE_SCF+DFRL_matmul_B120_sNone_5550204,activated,79,87456,generic_error,"{""pipeline"": ""True""}",0.9000,18,0,
PA-DSE_SCF+DFRL_vadd_B120_sNone_5745542,activated,80,88224,generic_error,"{""pipeline"": ""True""}",0.9000,18,0,
PA-DSE_SCF+DFRL_vadd_B120_sNone_5745542,updated,81,88224,generic_error,"{""pipeline"": ""True""}",0.9048,19,0,
PA-DSE_SCF+DFRL_vadd_B120_sNone_5938650,activated,80,89856,generic_error,"{""pipeline"": ""True""}",0.9000,18,0,
PA-DSE_SCF+DFRL_vadd_B120_sNone_5938650,updated,81,89856,generic_error,"{""pipeline"": ""True""}",0.9048,19,0,
PA-DSE_SCF+DFRL_vadd_B120_sNone_6132562,activated,80,93888,generic_error,"{""pipeline"": ""True""}",0.9000,18,0,
PA-DSE_SCF+DFRL_vadd_B120_sNone_6132562,updated,81,93888,generic_error,"{""pipeline"": ""True""}",0.9048,19,0,
PA-DSE_SCF+DFRL_vadd_B120_sNone_6326178,activated,80,87024,generic_error,"{""pipeline"": ""True""}",0.9000,18,0,
PA-DSE_SCF+DFRL_vadd_B120_sNone_6326178,updated,81,87024,generic_error,"{""pipeline"": ""True""}",0.9048,19,0,
PA-DSE_SCF+DFRL_vadd_B120_sNone_6520477,activated,79,86064,generic_error,"{""pipeline"": ""True""}",0.9000,18,0,
PA-DSE_SCF+DFRL_fir_B120_sNone_6712691,activated,80,83664,generic_error,"{""pipeline"": ""True""}",0.9000,18,0,
PA-DSE_SCF+DFRL_fir_B120_sNone_6712691,updated,81,83664,generic_error,"{""pipeline"": ""True""}",0.9048,19,0,
PA-DSE_SCF+DFRL_fir_B120_sNone_6908945,activated,80,85104,generic_error,"{""pipeline"": ""True""}",0.9000,18,0,
PA-DSE_SCF+DFRL_fir_B120_sNone_6908945,updated,81,85104,generic_error,"{""pipeline"": ""True""}",0.9048,19,0,
PA-DSE_SCF+DFRL_fir_B120_sNone_7104501,activated,80,86784,generic_error,"{""pipeline"": ""True""}",0.9000,18,0,
PA-DSE_SCF+DFRL_fir_B120_sNone_7104501,updated,81,86784,generic_error,"{""pipeline"": ""True""}",0.9048,19,0,
PA-DSE_SCF+DFRL_fir_B120_sNone_7302399,activated,80,91008,generic_error,"{""pipeline"": ""True""}",0.9000,18,0,
PA-DSE_SCF+DFRL_fir_B120_sNone_7302399,updated,81,91008,generic_error,"{""pipeline"": ""True""}",0.9048,19,0,
PA-DSE_SCF+DFRL_fir_B120_sNone_7500066,activated,79,84864,generic_error,"{""pipeline"": ""True""}",0.9000,18,0,
PA-DSE_SCF+DFRL_histogram_B120_sNone_7693753,activated,80,82416,generic_error,"{""pipeline"": ""True""}",0.9000,18,0,
PA-DSE_SCF+DFRL_histogram_B120_sNone_7693753,updated,81,82416,generic_error,"{""pipeline"": ""True""}",0.9048,19,0,
PA-DSE_SCF+DFRL_histogram_B120_sNone_7891862,activated,80,85488,generic_error,"{""pipeline"": ""True""}",0.9000,18,0,
PA-DSE_SCF+DFRL_histogram_B120_sNone_7891862,updated,81,85488,generic_error,"{""pipeline"": ""True""}",0.9048,19,0,
PA-DSE_SCF+DFRL_histogram_B120_sNone_8090066,activated,80,94272,generic_error,"{""pipeline"": ""True""}",0.9000,18,0,
PA-DSE_SCF+DFRL_histogram_B120_sNone_8090066,updated,81,94272,generic_error,"{""pipeline"": ""True""}",0.9048,19,0,
PA-DSE_SCF+DFRL_histogram_B120_sNone_8288809,activated,80,85392,generic_error,"{""pipeline"": ""True""}",0.9000,18,0,
PA-DSE_SCF+DFRL_histogram_B120_sNone_8288809,updated,81,85392,generic_error,"{""pipeline"": ""True""}",0.9048,19,0,
PA-DSE_SCF+DFRL_histogram_B120_sNone_8487095,activated,79,92928,generic_error,"{""pipeline"": ""True""}",0.9000,18,0,
PA-DSE_SCF+DFRL_atax_B120_sNone_8683683,activated,80,92640,generic_error,"{""pipeline"": ""True""}",0.9000,18,0,
PA-DSE_SCF+DFRL_atax_B120_sNone_8683683,updated,81,92640,generic_error,"{""pipeline"": ""True""}",0.9048,19,0,
PA-DSE_SCF+DFRL_atax_B120_sNone_8884686,activated,80,83040,generic_error,"{""pipeline"": ""True""}",0.9000,18,0,
PA-DSE_SCF+DFRL_atax_B120_sNone_8884686,updated,81,83040,generic_error,"{""pipeline"": ""True""}",0.9048,19,0,
PA-DSE_SCF+DFRL_atax_B120_sNone_9086235,activated,80,82272,generic_error,"{""pipeline"": ""True""}",0.9000,18,0,
PA-DSE_SCF+DFRL_atax_B120_sNone_9086235,updated,81,82272,generic_error,"{""pipeline"": ""True""}",0.9048,19,0,
PA-DSE_SCF+DFRL_atax_B120_sNone_9288772,activated,80,84336,generic_error,"{""pipeline"": ""True""}",0.9000,18,0,
PA-DSE_SCF+DFRL_atax_B120_sNone_9288772,updated,81,84336,generic_error,"{""pipeline"": ""True""}",0.9048,19,0,
PA-DSE_SCF+DFRL_atax_B120_sNone_9494608,activated,79,87792,generic_error,"{""pipeline"": ""True""}",0.9000,18,0,
PA-DSE_SCF+DFRL_bicg_B120_sNone_9697694,activated,80,84000,generic_error,"{""pipeline"": ""True""}",0.9000,18,0,
PA-DSE_SCF+DFRL_bicg_B120_sNone_9697694,updated,81,84000,generic_error,"{""pipeline"": ""True""}",0.9048,19,0,
PA-DSE_SCF+DFRL_bicg_B120_sNone_9904130,activated,80,86928,generic_error,"{""pipeline"": ""True""}",0.9000,18,0,
PA-DSE_SCF+DFRL_bicg_B120_sNone_9904130,updated,81,86928,generic_error,"{""pipeline"": ""True""}",0.9048,19,0,
PA-DSE_SCF+DFRL_bicg_B120_sNone_111072,activated,80,88896,generic_error,"{""pipeline"": ""True""}",0.9000,18,0,
PA-DSE_SCF+DFRL_bicg_B120_sNone_111072,updated,81,88896,generic_error,"{""pipeline"": ""True""}",0.9048,19,0,
PA-DSE_SCF+DFRL_bicg_B120_sNone_316189,activated,80,93024,generic_error,"{""pipeline"": ""True""}",0.9000,18,0,
PA-DSE_SCF+DFRL_bicg_B120_sNone_316189,updated,81,93024,generic_error,"{""pipeline"": ""True""}",0.9048,19,0,
PA-DSE_SCF+DFRL_bicg_B120_sNone_520941,activated,79,81936,generic_error,"{""pipeline"": ""True""}",0.9000,18,0,
PA-DSE_SCF+DFRL_gemm_B120_sNone_722133,activated,80,94320,generic_error,"{""pipeline"": ""True""}",0.9000,18,0,
PA-DSE_SCF+DFRL_gemm_B120_sNone_722133,updated,81,94320,generic_error,"{""pipeline"": ""True""}",0.9048,19,0,
PA-DSE_SCF+DFRL_gemm_B120_sNone_920529,activated,80,83280,generic_error,"{""pipeline"": ""True""}",0.9000,18,0,
PA-DSE_SCF+DFRL_gemm_B120_sNone_920529,updated,81,83280,generic_error,"{""pipeline"": ""True""}",0.9048,19,0,
PA-DSE_SCF+DFRL_gemm_B120_sNone_1118398,activated,80,88944,generic_error,"{""pipeline"": ""True""}",0.9000,18,0,
PA-DSE_SCF+DFRL_gemm_B120_sNone_1118398,updated,81,88944,generic_error,"{""pipeline"": ""True""}",0.9048,19,0,
PA-DSE_SCF+DFRL_gemm_B120_sNone_1316063,activated,80,87456,generic_error,"{""pipeline"": ""True""}",0.9000,18,0,
PA-DSE_SCF+DFRL_gemm_B120_sNone_1316063,updated,81,87456,generic_error,"{""pipeline"": ""True""}",0.9048,19,0,
PA-DSE_SCF+DFRL_gemm_B120_sNone_1513780,activated,79,93696,generic_error,"{""pipeline"": ""True""}",0.9000,18,0,
PA-DSE_SCF+DFRL_gesummv_B120_sNone_1710005,activated,80,93360,generic_error,"{""pipeline"": ""True""}",0.9000,18,0,
PA-DSE_SCF+DFRL_gesummv_B120_sNone_1710005,updated,81,93360,generic_error,"{""pipeline"": ""True""}",0.9048,19,0,
PA-DSE_SCF+DFRL_gesummv_B120_sNone_1912756,activated,80,87024,generic_error,"{""pipeline"": ""True""}",0.9000,18,0,
PA-DSE_SCF+DFRL_gesummv_B120_sNone_1912756,updated,81,87024,generic_error,"{""pipeline"": ""True""}",0.9048,19,0,
PA-DSE_SCF+DFRL_gesummv_B120_sNone_2115435,activated,80,91824,generic_error,"{""pipeline"": ""True""}",0.9000,18,0,
PA-DSE_SCF+DFRL_gesummv_B120_sNone_2115435,updated,81,91824,generic_error,"{""pipeline"": ""True""}",0.9048,19,0,
PA-DSE_SCF+DFRL_gesummv_B120_sNone_2318449,activated,80,86064,generic_error,"{""pipeline"": ""True""}",0.9000,18,0,
PA-DSE_SCF+DFRL_gesummv_B120_sNone_2318449,updated,81,86064,generic_error,"{""pipeline"": ""True""}",0.9048,19,0,
PA-DSE_SCF+DFRL_gesummv_B120_sNone_2522070,activated,79,88320,generic_error,"{""pipeline"": ""True""}",0.9000,18,0,
